ccode,abbreviation,period,styear,endyear,democracy,duration,war_years,cinc,tpop,dummy_EU,dummy_GATT,dummy_WTO,dummy_NATO,dummy_OECD,religion_max,religion_pop,gdpPercap
2,USA,UNITED STATES OF AMERICA 1800-2010,1800,2010,1,211,36,0.1480978429,312247,0,0,1,1,1,chrstgen,0.7454,54516.85638
20,CAN,CANADA 1867-2010,1867,2010,1,144,13,0.009663039818,34126,0,0,1,1,1,chrstgen,0.7661,44861.52396
31,BHS,BAHAMAS 1973-2010,1973,2010,1,38,0,2.39E-05,360,0,0,0,0,0,NA,NA,34688.0934
40,CUB,CUBA 1902-1908,1902,1908,0,7,0,NA,NA,NA,NA,NA,NA,NA,NA,NA,NA
40,CUB,CUBA 1909-1915,1909,1915,1,7,0,0.001177773345,2590,0,0,0,0,0,NA,NA,NA
40,CUB,CUBA 1916-1939,1916,1939,0,24,0,0.001586794853,4250,0,0,0,0,0,NA,NA,NA
40,CUB,CUBA 1940-1952,1940,1952,1,13,0,0.001493112766,5759,0,1,0,0,0,chrstgen,0.8851,NA
40,CUB,CUBA 1953-2010,1953,2010,0,58,4,0.001302937744,11282,0,0,1,0,0,chrstgen,0.6589,NA
41,HTI,HAITI 1820-2010,1820,2010,0,191,0,5.51E-04,9896,0,0,1,0,0,NA,NA,2932.279149
42,DOM,DOMINICAN REPUBLIC 1844-1965,1844,1965,0,122,0,5.24E-04,3806,0,1,0,0,0,chrstgen,0.967,6207.112113
42,DOM,DOMINICAN REPUBLIC 1966-2010,1966,2010,1,45,0,9.95E-04,10017,0,0,1,0,0,chrstgen,0.87,12677.01756
51,JAM,JAMAICA 1962-2010,1962,2010,1,49,0,1.71E-04,2741,0,0,1,0,0,chrstgen,0.6881,9700.027418
52,TTO,TRINIDAD & TOBAGO 1962-2010,1962,2010,1,49,0,5.04E-04,1328,0,0,1,0,0,NA,NA,27329.42469
53,BRB,BARBADOS 1966-2010,1966,2010,1,45,0,1.98E-05,280,0,0,1,0,0,NA,NA,16019.50743
54,DMA,DOMINICA 1978-2010,1978,2010,1,33,0,1.84E-06,71,0,0,1,0,0,chrstgen,0.92,12335.10993
55,GRD,GRENADA 1974-1978,1974,1978,1,5,0,5.19E-06,109,0,0,0,0,0,NA,NA,8571.903026
55,GRD,GRENADA 1979-1983,1979,1983,0,5,0,1.00E-05,91,0,0,0,0,0,NA,NA,8571.903026
55,GRD,GRENADA 1984-2010,1984,2010,1,27,0,2.83E-06,105,0,0,1,0,0,NA,NA,12493.88455
56,LCA,ST. LUCIA 1979-2010,1979,2010,1,32,0,4.71E-06,177,0,0,1,0,0,NA,NA,14448.2644
57,VCT,ST. VINCENT & GREN. 1979-2010,1979,2010,1,32,0,2.81E-06,109,0,0,1,0,0,NA,NA,11606.39756
58,ATG,ANTIGUA 1982-2003,1982,2003,0,22,0,3.06E-06,81,0,0,1,0,0,NA,NA,18237.26684
58,ATG,ANTIGUA 2004-2010,2004,2010,1,7,0,3.21E-06,87,0,0,1,0,0,NA,NA,18702.09038
60,KNA,ST. KITTS & NEVIS 1984-2010,1984,2010,1,27,0,1.45E-06,52,0,0,1,0,0,NA,NA,24572.83154
70,MEX,MEXICO 1822-1999,1822,1999,0,178,8,0.01458626986,97365,0,0,1,0,1,chrstgen,0.9715,17370.81291
70,MEX,MEXICO 2000-2010,2000,2010,1,11,0,0.01503483858,117886,0,0,1,0,1,chrstgen,0.9686,18036.71759
80,BLZ,BELIZE 1981-2010,1981,2010,1,30,0,1.90E-05,309,0,0,1,0,0,chrstgen,0.7365,8988.865136
89,NA,CENTRAL AMERICAN UNION 1824-NA,1824,NA,0,NA,0,NA,NA,NA,NA,NA,NA,NA,NA,NA,NA
90,GTM,GUATEMALA 1839-1944,1839,1944,0,106,3,4.97E-04,2390,0,0,0,0,0,NA,NA,NA
90,GTM,GUATEMALA 1945-1953,1945,1953,1,9,0,4.48E-04,3058,0,0,0,0,0,NA,NA,NA
90,GTM,GUATEMALA 1954-1957,1954,1957,0,4,0,4.49E-04,3451,0,0,0,0,0,NA,NA,NA
90,GTM,GUATEMALA 1958-1962,1958,1962,1,5,0,4.65E-04,4197,0,0,0,0,0,NA,NA,5561.070684
90,GTM,GUATEMALA 1963-1965,1963,1965,0,3,0,5.12E-04,4568,0,0,0,0,0,NA,NA,5561.070684
90,GTM,GUATEMALA 1966-1969,1966,1969,1,4,0,5.28E-04,5103,0,0,0,0,0,NA,NA,5561.070684
90,GTM,GUATEMALA 1970-1985,1970,1985,0,16,0,7.71E-04,7963,0,0,0,0,0,NA,NA,5561.070684
90,GTM,GUATEMALA 1986-2010,1986,2010,1,25,0,8.27E-04,14342,0,0,1,0,0,NA,NA,7335.988974
91,HND,HONDURAS 1839-1956,1839,1956,0,118,2,1.51E-04,1715,0,0,0,0,0,NA,NA,NA
91,HND,HONDURAS 1957-1962,1957,1962,1,6,0,2.22E-04,2066,0,0,0,0,0,NA,NA,3912.702045
91,HND,HONDURAS 1963-1970,1963,1970,0,8,1,2.92E-04,2639,0,0,0,0,0,NA,NA,3912.702045
91,HND,HONDURAS 1971-1972,1971,1972,1,1,0,3.33E-04,2805,0,0,0,0,0,NA,NA,3912.702045
91,HND,HONDURAS 1972-1981,1972,1981,0,10,0,4.09E-04,3821,0,0,0,0,0,NA,NA,3912.702045
91,HND,HONDURAS 1982-2008,1982,2008,1,27,0,4.66E-04,7322,0,0,1,0,0,NA,NA,4936.869076
91,HND,HONDURAS 2009-2010,2009,2010,0,1,0,4.70E-04,7621,0,0,1,0,0,NA,NA,4790.109573
91,HND,HONDURAS 2010-NA,2010,NA,1,NA,0,NA,NA,NA,NA,NA,NA,NA,NA,NA,NA
92,SLV,EL SALVADOR 1841-1983,1841,1983,0,143,5,5.93E-04,4724,0,0,0,0,0,chrstgen,0.8958,5191.971457
92,SLV,EL SALVADOR 1984-2010,1984,2010,1,27,0,4.19E-04,6218,0,0,1,0,0,chrstgen,0.67,7412.977803
93,NIC,NICARAGUA 1838-1983,1838,1983,0,146,1,6.11E-04,3058,0,1,0,0,0,chrstgen,0.951,3409.775932
93,NIC,NICARAGUA 1984-2010,1984,2010,1,27,0,3.52E-04,5822,0,0,1,0,0,chrstgen,0.9005,4586.873875
94,CRI,COSTA RICA 1838-1948,1838,1948,0,111,0,8.90E-05,750,0,0,0,0,0,NA,NA,NA
94,CRI,COSTA RICA 1949-2010,1949,2010,1,62,0,2.56E-04,4670,0,0,1,0,0,NA,NA,16667.01652
95,PAN,PANAMA 1903-1955,1903,1955,0,53,0,1.89E-04,919,0,0,0,0,0,chrstgen,0.99,NA
95,PAN,PANAMA 1956-1967,1956,1967,1,12,0,1.92E-04,1381,0,0,0,0,0,chrstgen,0.9646,10817.8448
95,PAN,PANAMA 1968-1990,1968,1990,0,23,0,2.91E-04,2398,0,0,0,0,0,chrstgen,0.956,10817.8448
95,PAN,PANAMA 1991-2010,1991,2010,1,20,0,2.65E-04,3678,0,0,1,0,0,chrstgen,0.9793,21455.68315
99,NA,GREAT COLOMBIA 1821-NA,1821,NA,0,NA,0,NA,NA,NA,NA,NA,NA,NA,NA,NA,NA
100,COL,COLOMBIA 1832-1936,1832,1936,0,105,1,0.002062494168,8360,0,0,0,0,0,NA,NA,NA
100,COL,COLOMBIA 1937-1947,1937,1947,1,11,0,0.002643311163,10800,0,0,0,0,0,chrstgen,0.9049,NA
100,COL,COLOMBIA 1948-1957,1948,1957,0,10,3,0.003079731949,14028,0,0,0,0,0,chrstgen,0.9641,NA
100,COL,COLOMBIA 1958-2010,1958,2010,1,53,0,0.007181158289,46445,0,0,1,0,0,chrstgen,0.9701,11890.20308
101,VEN,VENEZUELA 1830-1958,1830,1958,0,129,0,0.005976113956,6830,0,0,0,0,0,chrstgen,0.9285,NA
101,VEN,VENEZUELA 1959-2004,1959,2004,1,46,0,0.004629802424,26261,0,0,1,0,0,chrstgen,0.9417,NA
101,VEN,VENEZUELA 2005-2010,2005,2010,0,6,0,0.004417075776,29043,0,0,1,0,0,chrstgen,0.95,NA
110,GUY,GUYANA 1966-1991,1966,1991,0,26,0,6.93E-05,799,0,1,0,0,0,chrstgen,0.4221,5131.020155
110,GUY,GUYANA 1992-2010,1992,2010,1,19,0,3.37E-05,786,0,0,1,0,0,chrstgen,0.5575,9831.809397
115,SUR,SURINAME 1975-1979,1975,1979,1,5,0,5.61E-05,365,0,1,0,0,0,chrstgen,0.5955,13633.75079
115,SUR,SURINAME 1980-1987,1980,1987,0,8,0,7.62E-05,392,0,1,0,0,0,chrstgen,0.6276,13633.75079
115,SUR,SURINAME 1988-1989,1988,1989,1,2,0,7.72E-05,399,0,1,0,0,0,chrstgen,0.6276,13633.75079
115,SUR,SURINAME 1990-1991,1990,1991,0,1,0,8.78E-05,402,0,1,0,0,0,chrstgen,0.5855,13893.3089
115,SUR,SURINAME 1991-2010,1991,2010,1,20,0,4.59E-05,525,0,0,1,0,0,chrstgen,0.48,18255.62582
130,ECU,ECUADOR 1830-1947,1830,1947,0,118,1,7.61E-04,2940,0,0,0,0,0,chrstcat,0.9,NA
130,ECU,ECUADOR 1830-1947,1830,1947,0,118,1,7.61E-04,2940,0,0,0,0,0,chrstgen,0.9,NA
130,ECU,ECUADOR 1948-1962,1948,1962,1,15,0,7.86E-04,4706,0,0,0,0,0,chrstcat,0.9252,8120.001161
130,ECU,ECUADOR 1948-1962,1948,1962,1,15,0,7.86E-04,4706,0,0,0,0,0,chrstgen,0.9252,8120.001161
130,ECU,ECUADOR 1963-1978,1963,1978,0,16,0,0.001074414467,7528,0,0,0,0,0,chrstgen,0.9359,8120.001161
130,ECU,ECUADOR 1979-1999,1979,1999,1,21,1,0.001567084459,12411,0,0,1,0,0,chrstgen,0.9623,8263.37727
130,ECU,ECUADOR 2000-2002,2000,2002,0,3,0,0.001487089088,13030,0,0,1,0,0,chrstgen,0.9076,8589.283867
130,ECU,ECUADOR 2003-2010,2003,2010,1,8,0,0.001556409174,15001,0,0,1,0,0,chrstgen,0.903,10355.82266
135,PER,PERU 1820-1955,1820,1955,0,136,6,0.001539078075,8790,0,1,0,0,0,chrstcat,0.9296,NA
135,PER,PERU 1820-1955,1820,1955,0,136,6,0.001539078075,8790,0,1,0,0,0,chrstgen,0.9296,NA
135,PER,PERU 1820-1955,1820,1955,0,136,6,0.001539078075,8790,0,1,0,0,0,chrstcat,0.9296,NA
135,PER,PERU 1820-1955,1820,1955,0,136,6,0.001539078075,8790,0,1,0,0,0,chrstgen,0.9296,NA
135,PER,PERU 1956-1961,1956,1961,1,6,0,0.00191325089,10217,0,1,0,0,0,chrstcat,0.9627,5240.257623
135,PER,PERU 1956-1961,1956,1961,1,6,0,0.00191325089,10217,0,1,0,0,0,chrstgen,0.9627,5240.257623
135,PER,PERU 1962-1963,1962,1963,0,1,0,0.002092014067,10826,0,1,0,0,0,chrstcat,0.9627,5240.257623
135,PER,PERU 1962-1963,1962,1963,0,1,0,0.002092014067,10826,0,1,0,0,0,chrstgen,0.9627,5240.257623
135,PER,PERU 1963-1967,1963,1967,1,5,0,0.00228588446,12132,0,1,0,0,0,chrstgen,0.9612,5240.257623
135,PER,PERU 1968-1979,1968,1979,0,12,0,0.003114372492,16867,0,1,0,0,0,chrstgen,0.9599,5240.257623
135,PER,PERU 1980-1989,1980,1989,1,10,0,0.003191168653,21113,0,1,0,0,0,chrstgen,0.9749,5240.257623
135,PER,PERU 1990-2000,1990,2000,0,11,1,0.00320010609,25662,0,0,1,0,0,chrstgen,0.917,6375.616316
135,PER,PERU 2001-2010,2001,2010,1,10,0,0.003244317137,29263,0,0,1,0,0,chrstgen,0.938,9996.937323
140,BRA,BRAZIL 1824-1945,1824,1945,0,122,11,0.01114074979,46215,0,0,0,0,0,chrstgen,0.992,NA
140,BRA,BRAZIL 1946-1963,1946,1963,1,18,0,0.01617214456,79543,0,1,0,0,0,chrstgen,0.9772,10401.84244
140,BRA,BRAZIL 1964-1984,1964,1984,0,21,0,0.02405217849,129273,0,1,0,0,0,chrstgen,0.987,10401.84244
140,BRA,BRAZIL 1985-2010,1985,2010,1,26,0,0.02539067715,195210,0,0,1,0,0,chrstgen,0.8823,14824.74115
145,BOL,BOLIVIA 1825-1978,1825,1978,0,154,9,6.68E-04,5108,0,0,0,0,0,chrstgen,0.9817,4437.866827
145,BOL,BOLIVIA 1979-1980,1979,1980,1,1,0,7.23E-04,5355,0,0,0,0,0,chrstgen,0.9884,4437.866827
145,BOL,BOLIVIA 1980-1981,1980,1981,0,2,0,7.46E-04,5459,0,0,0,0,0,chrstgen,0.9884,4437.866827
145,BOL,BOLIVIA 1982-2010,1982,2010,1,29,0,0.001103855553,10157,0,0,1,0,0,chrstgen,0.9426,6499.818153
150,PRY,PARAGUAY 1811-2002,1811,2002,0,192,11,5.35E-04,5571,0,0,1,0,0,NA,NA,8515.946667
150,PRY,PARAGUAY 2003-2010,2003,2010,1,8,0,5.12E-04,6460,0,0,1,0,0,NA,NA,11281.25573
155,CHL,CHILE 1818-1908,1818,1908,0,91,7,0.002696397947,3250,0,0,0,0,0,NA,NA,NA
155,CHL,CHILE 1909-1924,1909,1924,1,16,0,0.003002350917,4020,0,0,0,0,0,NA,NA,NA
155,CHL,CHILE 1925-1931,1925,1931,0,7,0,0.002562419744,4430,0,0,0,0,0,NA,NA,NA
155,CHL,CHILE 1932-1972,1932,1972,1,41,0,0.002494018292,9851,0,1,0,0,0,chrstgen,0.9395,9701.823791
155,CHL,CHILE 1973-1989,1973,1989,0,17,0,0.002590046264,12961,0,1,0,0,0,chrstgen,0.9367,9701.823791
155,CHL,CHILE 1990-2010,1990,2010,1,21,0,0.002534318715,17151,0,0,1,0,1,chrstgen,0.9128,21225.10386
160,ARG,ARGENTINA 1825-1911,1825,1911,0,87,8,0.006035225,7070,0,0,0,0,0,NA,NA,NA
160,ARG,ARGENTINA 1912-1930,1912,1930,1,19,0,0.00754555501,12050,0,0,0,0,0,NA,NA,NA
160,ARG,ARGENTINA 1931-1957,1931,1957,0,27,0,0.007370784413,19625,0,0,0,0,0,chrstgen,0.9095,NA
160,ARG,ARGENTINA 1958-1961,1958,1961,1,4,0,0.006801324897,20951,0,0,0,0,0,chrstgen,0.9519,14136.5254
160,ARG,ARGENTINA 1962-1963,1962,1963,0,1,0,0.006813426968,21616,0,0,0,0,0,chrstgen,0.9519,14136.5254
160,ARG,ARGENTINA 1963-1965,1963,1965,1,3,0,0.006999047007,22283,0,0,0,0,0,chrstgen,0.9613,14136.5254
160,ARG,ARGENTINA 1966-1972,1966,1972,0,7,0,0.006002558395,24770,0,1,0,0,0,chrstgen,0.9689,14136.5254
160,ARG,ARGENTINA 1973-1975,1973,1975,1,3,0,0.00588294398,26049,0,1,0,0,0,chrstgen,0.96,14136.5254
160,ARG,ARGENTINA 1976-1982,1976,1982,0,7,1,0.006810177118,28966,0,1,0,0,0,chrstgen,0.9403,14136.5254
160,ARG,ARGENTINA 1983-2010,1983,2010,1,28,0,0.005621771794,40374,0,0,1,0,0,chrstgen,0.8515,23521.27018
165,URY,URUGUAY 1830-1918,1830,1918,0,89,0,8.31E-04,1430,0,0,0,0,0,NA,NA,NA
165,URY,URUGUAY 1919-1933,1919,1933,1,15,0,9.95E-04,1820,0,0,0,0,0,NA,NA,NA
165,URY,URUGUAY 1934-1942,1934,1942,0,9,0,8.86E-04,2010,0,0,0,0,0,NA,NA,NA
165,URY,URUGUAY 1943-1972,1943,1972,1,30,0,6.29E-04,2820,0,1,0,0,0,NA,NA,11039.80741
165,URY,URUGUAY 1973-1984,1973,1984,0,12,0,5.60E-04,2989,0,1,0,0,0,NA,NA,11039.80741
165,URY,URUGUAY 1985-2010,1985,2010,1,26,0,5.19E-04,3372,0,0,1,0,0,NA,NA,19331.8489
200,GBR,UNITED KINGDOM 1800-1884,1800,1884,0,85,6,0.2080531865,35724,0,0,0,0,0,NA,NA,NA
200,GBR,UNITED KINGDOM 1885-2010,1885,2010,1,126,23,0.01563422009,62066,1,0,1,1,1,NA,NA,42270.43429
205,IRL,IRELAND 1921-1922,1921,1922,0,1,0,0.002510393737,3022,0,0,0,0,0,NA,NA,NA
205,IRL,IRELAND 1922-2010,1922,2010,1,89,0,5.70E-04,4468,1,0,1,0,1,NA,NA,53500.91489
210,NLD,NETHERLANDS 1815-1896,1815,1896,0,82,0,0.008236071095,4890,0,0,0,0,0,NA,NA,NA
210,NLD,NETHERLANDS 1897-2010,1897,2010,1,114,5,0.004594293889,16615,1,0,1,1,1,NA,NA,52032.9865
211,BEL,BELGIUM 1830-1893,1830,1893,0,64,0,0.0163794253,6262,0,0,0,0,0,NA,NA,NA
211,BEL,BELGIUM 1894-2010,1894,2010,1,117,9,0.003238908947,10941,1,0,1,1,1,chrstgen,0.692,47972.55884
212,LUX,LUXEMBOURG 1867-1889,1867,1889,0,23,0,NA,NA,NA,NA,NA,NA,NA,NA,NA,NA
212,LUX,LUXEMBOURG 1890-2010,1890,2010,1,121,0,3.73E-04,508,1,0,1,1,1,chrstgen,0.9106,114343.9881
220,FRA,FRANCE 1800-1847,1800,1847,0,48,1,0.146441415,35470,0,0,0,0,0,NA,NA,NA
220,FRA,FRANCE 1848-1851,1848,1851,1,4,1,0.1277583838,35800,0,0,0,0,0,NA,NA,NA
220,FRA,FRANCE 1852-1870,1852,1870,0,19,11,0.1273982078,38440,0,0,0,0,0,NA,NA,NA
220,FRA,FRANCE 1871-1939,1871,1939,1,69,13,0.03959609941,41900,0,0,0,0,0,NA,NA,NA
220,FRA,FRANCE 1940-1945,1940,1945,0,6,5,0.01794537716,39700,0,0,0,0,0,NA,NA,NA
220,FRA,FRANCE 1946-2010,1946,2010,1,65,8,0.01598995365,63231,1,0,1,1,1,NA,NA,42145.68195
221,MCO,MONACO 1994-2010,1994,2010,1,17,0,2.16E-06,37,0,0,0,0,0,NA,NA,NA
223,LIE,LIECHSTENSTEIN 1991-2010,1991,2010,1,20,0,2.13E-06,36,0,0,1,0,0,chrstgen,0.8678,NA
225,CHE,SWITZERLAND 1848-2010,1848,2010,1,163,0,0.001397253247,7831,0,0,1,0,1,NA,NA,66133.28839
230,ESP,SPAIN 1800-1930,1800,1930,0,131,8,0.01536011323,23330,0,0,0,0,0,NA,NA,NA
230,ESP,SPAIN 1931-1936,1931,1936,1,6,0,0.01831227168,24810,0,0,0,0,0,NA,NA,NA
230,ESP,SPAIN 1937-1976,1937,1976,0,40,2,0.01183643844,35971,0,1,0,0,1,NA,NA,27528.41325
230,ESP,SPAIN 1977-2010,1977,2010,1,34,0,0.008541628718,46182,1,0,1,1,1,NA,NA,37298.4693
232,AND,ANDORRA 1994-2010,1994,2010,1,17,0,2.50E-06,78,0,0,0,0,0,chrstgen,0.907,NA
235,PRT,PORTUGAL 1800-1910,1800,1910,0,111,0,0.004110770766,5890,0,0,0,0,0,NA,NA,NA
235,PRT,PORTUGAL 1911-1925,1911,1925,1,15,3,0.003602559911,6400,0,0,0,0,0,NA,NA,NA
235,PRT,PORTUGAL 1926-1975,1926,1975,0,50,0,0.001881732256,9093,0,1,0,1,1,NA,NA,23556.85621
235,PRT,PORTUGAL 1976-2010,1976,2010,1,35,0,0.001745367539,10590,1,0,1,1,1,NA,NA,31798.15381
245,NA,BAVARIA 1800-NA,1800,NA,0,NA,2,NA,NA,NA,NA,NA,NA,NA,NA,NA,NA
255,DEU,GERMANY 1800-1918,1800,1918,0,119,11,0.1724337339,66811,0,0,0,0,0,NA,NA,NA
255,DEU,GERMANY 1919-1932,1919,1932,1,14,2,0.0700436905,64911,0,0,0,0,0,NA,NA,NA
255,DEU,GERMANY 1933-1945,1933,1945,0,13,7,0.07987657189,89697,0,0,0,0,0,NA,NA,NA
255,DEU,GERMANY 1990-2010,1990,2010,1,21,1,0.01950611547,83017,1,0,1,1,1,NA,NA,46999.23997
260,DEU,"GERMANY, WEST 1949-1990",1949,1990,1,42,0,0.02771139331,63253,NA,NA,NA,NA,NA,NA,NA,36699.4817
265,DDR,"GERMANY, EAST 1945-NA",1945,NA,0,NA,0,NA,NA,NA,NA,NA,NA,NA,NA,NA,NA
267,NA,BADEN 1819-NA,1819,NA,0,NA,2,NA,NA,NA,NA,NA,NA,NA,NA,NA,NA
269,NA,SAXONY 1806-NA,1806,NA,0,NA,1,NA,NA,NA,NA,NA,NA,NA,NA,NA,NA
271,NA,WURTTEMBERG 1800-1871,1800,1871,0,72,2,0.001003721845,1806,0,0,0,0,0,NA,NA,NA
290,POL,POLAND 1918-1925,1918,1925,1,8,3,0.02261375263,29486,0,0,0,0,0,NA,NA,NA
290,POL,POLAND 1926-1988,1926,1988,0,63,1,0.01237980742,37862,0,1,0,0,0,chrstgen,0.9663,11259.43745
290,POL,POLAND 1989-2010,1989,2010,1,22,0,0.005660888739,38199,1,0,1,1,1,chrstgen,0.9046,23692.90923
305,AUT,AUSTRIA 1800-1919,1800,1919,0,120,0,0.006554689258,6420,0,0,0,0,0,NA,NA,NA
305,AUT,AUSTRIA 1920-1932,1920,1932,1,13,0,0.005137770902,6725,0,0,0,0,0,NA,NA,NA
305,AUT,AUSTRIA 1933-1945,1933,1945,0,13,0,NA,NA,NA,NA,NA,NA,NA,NA,NA,NA
305,AUT,AUSTRIA 1946-2010,1946,2010,1,65,0,0.002058604034,8402,1,0,1,0,1,NA,NA,51843.42833
310,HUN,HUNGARY 1867-1989,1867,1989,0,123,7,0.003064118559,10398,0,1,0,0,0,chrstgen,0.7842,16429.70108
310,HUN,HUNGARY 1990-2010,1990,2010,1,21,0,0.001284612459,10015,1,0,1,1,1,chrstgen,0.6736,24477.57531
315,CSK,CZECHOSLOVAKIA 1918-1946,1918,1946,1,29,1,0.01103537716,12920,0,0,0,0,0,NA,NA,NA
315,CSK,CZECHOSLOVAKIA 1947-1989,1947,1989,0,43,0,0.007711316459,15638,0,0,0,0,0,NA,NA,NA
315,CSK,CZECHOSLOVAKIA 1990-NA,1990,NA,1,NA,0,NA,NA,NA,NA,NA,NA,NA,NA,NA,NA
316,CZE,CZECH REPUBLIC 1993-2010,1993,2010,1,18,0,0.00194013631,10554,1,0,1,1,1,chrstgen,0.7074,33483.13759
317,SVK,SLOVAKIA 1993-2010,1993,2010,1,18,0,0.001173136523,5433,1,0,1,1,1,NA,NA,25561.70629
324,NA,SARDINIA 1815-NA,1815,NA,0,NA,0,NA,NA,NA,NA,NA,NA,NA,NA,NA,NA
325,ITA,ITALY 1861-1918,1861,1918,0,58,8,0.03329636157,36280,0,0,0,0,0,NA,NA,NA
325,ITA,ITALY 1919-1921,1919,1921,1,3,0,0.03522893414,37974,0,0,0,0,0,NA,NA,NA
325,ITA,ITALY 1922-1945,1922,1945,0,24,9,0.01277116966,45090,0,0,0,0,0,chrstgen,0.9818,NA
325,ITA,ITALY 1946-2010,1946,2010,1,65,2,0.0137874689,60509,1,0,1,1,1,chrstgen,0.7939,42664.35527
327,NA,PAPAL STATES 1815-NA,1815,NA,0,NA,2,NA,NA,NA,NA,NA,NA,NA,NA,NA,NA
329,NA,SICILY 1816-NA,1816,NA,0,NA,3,NA,NA,NA,NA,NA,NA,NA,NA,NA,NA
331,SMR,SAN MARINO 1800-1944,1800,1944,0,145,0,NA,NA,NA,NA,NA,NA,NA,NA,NA,NA
331,SMR,SAN MARINO 1945-2010,1945,2010,1,66,0,2.04E-06,31,0,0,0,0,0,NA,NA,71156.09799
332,NA,MODENA 1815-NA,1815,NA,0,NA,1,NA,NA,NA,NA,NA,NA,NA,NA,NA,NA
335,NA,PARMA 1815-NA,1815,NA,0,NA,0,NA,NA,NA,NA,NA,NA,NA,NA,NA,NA
337,NA,TUSCANY 1815-1860,1815,1860,0,46,1,0.003683533054,1815,0,0,0,0,0,NA,NA,NA
338,MLT,MALTA 1964-2010,1964,2010,1,47,0,3.50E-05,425,1,0,1,0,0,chrstgen,0.9727,32916.68381
339,ALB,ALBANIA 1914-1991,1914,1991,0,78,0,4.53E-04,3255,0,0,0,0,0,islmgen,0.42,3497.005391
339,ALB,ALBANIA 1914-1991,1914,1991,0,78,0,4.53E-04,3255,0,0,0,0,0,islmothr,0.42,3497.005391
339,ALB,ALBANIA 1992-1995,1992,1995,1,4,0,5.56E-04,3609,0,0,0,0,0,islmgen,0.54,4472.4148
339,ALB,ALBANIA 1992-1995,1992,1995,1,4,0,5.56E-04,3609,0,0,0,0,0,islmothr,0.54,4472.4148
339,ALB,ALBANIA 1992-1995,1992,1995,1,4,0,5.56E-04,3609,0,0,0,0,0,islmgen,0.54,4472.4148
339,ALB,ALBANIA 1992-1995,1992,1995,1,4,0,5.56E-04,3609,0,0,0,0,0,islmothr,0.54,4472.4148
339,ALB,ALBANIA 1996-1997,1996,1997,0,1,0,5.68E-04,3731,0,0,0,0,0,islmgen,0.54,4401.112889
339,ALB,ALBANIA 1996-1997,1996,1997,0,1,0,5.68E-04,3731,0,0,0,0,0,islmothr,0.54,4401.112889
339,ALB,ALBANIA 1997-2010,1997,2010,1,14,0,2.96E-04,3150,0,0,1,1,0,islmgen,0.63,10751.42106
341,NA,ALBANIA 1997-2010,NA,NA,NA,NA,NA,NA,NA,NA,NA,NA,NA,NA,NA,NA,NA
342,NA,SERBIA 1878-1920,1878,1920,0,43,0,NA,NA,NA,NA,NA,NA,NA,NA,NA,NA
342,NA,SERBIA 2006-2010,2006,2010,1,5,0,NA,NA,NA,NA,NA,NA,NA,NA,NA,NA
343,MKD,MACEDONIA 1991-2010,1991,2010,1,20,0,2.51E-04,2102,0,0,0,0,0,NA,NA,13517.42821
344,HRV,CROATIA 1991-1999,1991,1999,0,9,1,9.99E-04,4477,0,0,0,0,0,NA,NA,17681.54664
344,HRV,CROATIA 2000-2010,2000,2010,1,11,0,5.61E-04,4338,0,0,1,1,0,NA,NA,24590.52099
345,SER,YUGOSLAVIA 1921-1928,1921,1928,1,8,0,0.006905949675,13378,0,0,0,0,0,NA,NA,NA
345,SER,YUGOSLAVIA 1929-1991,1929,1991,0,63,1,0.004069740884,23931,0,1,0,0,0,NA,NA,NA
346,BIH,BOSNIA 1992-2010,1992,2010,1,19,1,3.81E-04,3846,0,0,0,0,0,NA,NA,10637.08634
347,YUG,"YUGOSLAVIA, FED. REP. 1991-1999",1991,1999,0,9,0,NA,NA,NA,NA,NA,NA,NA,chrstgen,0.7476,NA
347,YUG,"YUGOSLAVIA, FED. REP. 2000-NA",2000,NA,1,NA,0,NA,NA,NA,NA,NA,NA,NA,NA,NA,NA
348,NA,MONTENEGRO 2006-2010,2006,2010,1,5,0,NA,NA,NA,NA,NA,NA,NA,NA,NA,NA
349,SVN,SLOVENIA 1991-2010,1991,2010,1,20,0,3.06E-04,2054,1,0,1,1,1,NA,NA,33350.61359
350,GRC,GREECE 1827-1863,1827,1863,0,37,0,8.57E-04,1131,0,0,0,0,0,NA,NA,NA
350,GRC,GREECE 1864-1914,1864,1914,1,51,4,0.002213021507,4604,0,0,0,0,0,NA,NA,NA
350,GRC,GREECE 1915-1925,1915,1925,0,11,6,0.004608998075,5957,0,0,0,0,0,NA,NA,NA
350,GRC,GREECE 1926-1935,1926,1935,1,10,0,0.003102957737,6836,0,0,0,0,0,NA,NA,NA
350,GRC,GREECE 1936-1943,1936,1943,0,8,2,NA,NA,NA,NA,NA,NA,NA,NA,NA,NA
350,GRC,GREECE 1944-1966,1944,1966,1,23,3,0.002563587623,8614,0,1,0,1,1,chrstgen,0.9844,24262.84258
350,GRC,GREECE 1967-1973,1967,1973,0,7,0,0.003006592393,8929,0,1,0,1,1,chrstgen,0.9836,24262.84258
350,GRC,GREECE 1974-2010,1974,2010,1,37,0,0.003488064511,11110,1,0,1,1,1,chrstgen,0.9438,33693.21148
352,CYP,CYPRUS 1960-1975,1960,1975,0,16,1,2.02E-04,610,0,1,0,0,0,chrstgen,0.7723,25237.11523
352,CYP,CYPRUS 1976-2010,1976,2010,1,35,0,1.68E-04,1104,1,0,1,0,0,chrstgen,0.7453,38405.41016
355,BGR,BULGARIA 1879-1989,1879,1989,0,111,12,0.003371007508,8989,0,0,0,0,0,NA,NA,12509.96194
355,BGR,BULGARIA 1990-2010,1990,2010,1,21,0,0.001064671203,7389,1,0,1,1,0,NA,NA,18163.87274
359,MDA,MOLDOVA 1991-2010,1991,2010,1,20,0,2.39E-04,3573,0,0,1,0,0,NA,NA,8547.580779
360,ROM,ROMANIA 1859-1990,1859,1990,0,132,8,0.006093205884,23207,0,1,0,0,0,chrstgen,0.9127,NA
360,ROM,ROMANIA 1991-2010,1991,2010,1,20,0,0.002515463624,21861,1,0,1,1,0,chrstgen,0.9751,NA
364,SVU,USSR 1922-NA,1922,NA,0,NA,0,NA,NA,NA,NA,NA,NA,NA,NA,NA,NA
365,RUS,RUSSIA 1800-1921,1800,1921,0,122,24,0.148514092,136876,0,0,0,0,0,NA,NA,NA
365,RUS,RUSSIA 1992-1998,1992,1998,1,7,0,0.05129859224,147434,0,0,0,0,0,nonrelig,0.63,12358.15234
365,RUS,RUSSIA 1999-2010,1999,2010,0,12,0,0.03948776424,143618,0,0,0,0,0,chrstgen,0.7423,23961.2207
366,EST,ESTONIA 1919-1933,1919,1933,1,15,4,7.41E-04,1123,0,0,0,0,0,NA,NA,NA
366,EST,ESTONIA 1934-1991,1934,1991,0,1,0,2.57E-04,1566,0,0,0,0,0,nonrelig,0.5356,12730.71741
366,EST,ESTONIA 1991-2010,1991,2010,1,20,0,1.67E-04,1299,1,0,1,1,1,nonrelig,0.6903,26015.74635
367,LVA,LATVIA 1920-1933,1920,1933,1,14,1,0.001503790729,1930,0,0,0,0,0,NA,NA,NA
367,LVA,LATVIA 1934-1991,1934,1991,0,1,0,5.04E-04,2662,0,0,0,0,0,NA,NA,9599.146005
367,LVA,LATVIA 1991-1992,1991,1992,0,2,0,3.96E-04,2632,0,0,0,0,0,NA,NA,9599.146005
367,LVA,LATVIA 1993-2010,1993,2010,1,18,0,3.03E-04,2091,1,0,1,1,0,NA,NA,21173.4018
368,LTU,LITHUANIA 1920-1925,1920,1925,1,6,1,0.001464913716,2206,0,0,0,0,0,NA,NA,NA
368,LTU,LITHUANIA 1926-1991,1926,1991,0,1,0,6.68E-04,3742,0,0,0,0,0,NA,NA,10640.36003
368,LTU,LITHUANIA 1991-1992,1991,1992,0,1,0,5.68E-04,3742,0,0,0,0,0,NA,NA,10640.36003
368,LTU,LITHUANIA 1992-2010,1992,2010,1,19,0,4.09E-04,3068,1,0,1,1,0,NA,NA,23942.76036
369,UKR,UKRAINE 1991-2010,1991,2010,1,20,0,0.008814312518,46050,0,0,1,0,0,chrstgen,0.852,12221.44043
370,BLR,BELARUS 1991-1993,1991,1993,1,3,0,0.002689845394,10356,0,0,0,0,0,chrstgen,0.6964,7305.306909
370,BLR,BELARUS 1994-2010,1994,2010,0,17,0,0.00200172863,9491,0,0,0,0,0,chrstgen,0.5684,17300.70368
371,ARM,ARMENIA 1991-2010,1991,2010,0,20,2,6.14E-04,2963,0,0,1,0,0,chrstgen,0.951,9068.787651
372,GEO,GEORGIA 1991-2003,1991,2003,0,13,0,4.70E-04,4565,0,0,1,0,0,NA,NA,6230.821909
372,GEO,GEORGIA 2004-2010,2004,2010,1,7,0,4.52E-04,4389,0,0,1,0,0,NA,NA,9736.732094
373,AZE,AZERBAIJAN 1991-2010,1991,2010,0,20,2,0.001369819511,9095,0,0,0,0,0,islmgen,0.95,14082.23815
375,FIN,FINLAND 1917-2010,1917,2010,1,94,9,0.00169322954,5368,1,0,1,0,1,chrstgen,0.794,45874.6613
380,SWD,SWEDEN 1800-1910,1800,1910,0,111,0,0.007474089507,5499,0,0,0,0,0,NA,NA,NA
380,SWD,SWEDEN 1911-2010,1911,2010,1,100,0,0.002180201933,9382,1,0,1,0,1,chrstgen,0.7606,NA
385,NOR,NORWAY 1900-2010,1900,2010,1,111,1,0.001610821695,4891,0,0,1,1,1,chrstgen,0.8401,61353.47733
390,DNK,DENMARK 1800-1900,1800,1900,0,101,2,0.002475128509,2430,0,0,0,0,0,NA,NA,NA
390,DNK,DENMARK 1901-1939,1901,1939,1,39,0,0.001954271924,3800,0,0,0,0,0,NA,NA,NA
390,DNK,DENMARK 1940-1944,1940,1944,0,5,0,NA,NA,NA,NA,NA,NA,NA,NA,NA,NA
390,DNK,DENMARK 1945-2010,1945,2010,1,66,0,0.001212379429,5551,1,0,1,1,1,NA,NA,50825.41229
395,ISL,ICELAND 1918-2010,1918,2010,1,93,0,3.16E-05,318,0,0,1,1,1,NA,NA,47457.62292
402,CPV,CAPE VERDE 1975-1990,1975,1990,0,16,0,2.04E-05,341,0,0,0,0,0,NA,NA,1620.984219
402,CPV,CAPE VERDE 1991-2010,1991,2010,1,20,0,2.16E-05,488,0,0,1,0,0,NA,NA,5860.498302
403,STP,SAO TOME & PRINCIPE 1976-1990,1976,1990,0,15,0,1.18E-05,115,0,0,0,0,0,chrstgen,0.9565,2558.983482
403,STP,SAO TOME & PRINCIPE 1991-2010,1991,2010,1,20,0,6.97E-06,178,0,0,0,0,0,chrstgen,0.9441,3324.916347
404,GNB,GUINEA-BISSAU 1974-1993,1974,1993,0,20,0,1.59E-04,1026,0,0,0,0,0,anmgen,0.53,1997.076379
404,GNB,GUINEA-BISSAU 1994-1997,1994,1997,1,4,0,1.10E-04,1112,0,0,1,0,0,anmgen,0.5,2324.843826
404,GNB,GUINEA-BISSAU 1998-2010,1998,2010,0,13,0,1.31E-04,1587,0,0,1,0,0,anmgen,0.475,1697.495589
411,GNQ,EQUATORIAL GUINEA 1968-2010,1968,2010,0,43,0,5.27E-05,696,0,0,0,0,0,NA,NA,29944.2618
420,GMB,GAMBIA 1965-1971,1965,1971,0,7,0,2.26E-05,475,0,1,0,0,0,NA,NA,2080.158085
420,GMB,GAMBIA 1972-1993,1972,1993,1,22,0,4.11E-05,1039,0,1,0,0,0,NA,NA,2034.401653
420,GMB,GAMBIA 1994-2010,1994,2010,0,17,0,1.06E-04,1681,0,0,1,0,0,NA,NA,2172.193837
432,MLI,MALI 1960-1991,1960,1991,0,32,0,5.02E-04,9507,0,0,0,0,0,islmgen,0.8783,1464.26279
432,MLI,MALI 1960-1991,1960,1991,0,32,0,5.02E-04,9507,0,0,0,0,0,islmothr,0.8783,1464.26279
432,MLI,MALI 1992-2010,1992,2010,1,19,0,5.97E-04,13986,0,0,1,0,0,islmgen,0.94,2018.601455
433,SEN,SENEGAL 1960-1999,1960,1999,0,40,0,6.32E-04,9240,0,0,1,0,0,islmgen,0.878,2582.120644
433,SEN,SENEGAL 2000-2010,2000,2010,1,11,0,7.24E-04,12951,0,0,1,0,0,islmgen,0.9389,2830.153244
434,BEN,BENIN 1960-1990,1960,1990,0,31,0,3.35E-04,4739,0,1,0,0,0,anmgen,0.5322,2109.559335
434,BEN,BENIN 1991-2010,1991,2010,1,20,0,4.08E-04,9510,0,0,1,0,0,chrstgen,0.4,2634.134728
435,MRT,MAURITANIA 1960-2010,1960,2010,0,51,0,3.02E-04,3609,0,0,1,0,0,NA,NA,4773.752515
436,NER,NIGER 1960-1992,1960,1992,0,33,0,4.14E-04,8264,0,1,0,0,0,NA,NA,1028.655164
436,NER,NIGER 1993-1995,1993,1995,1,3,0,4.28E-04,9151,0,1,0,0,0,NA,NA,977.4825375
436,NER,NIGER 1996-1998,1996,1998,0,3,0,4.53E-04,10078,0,0,1,0,0,NA,NA,987.7097136
436,NER,NIGER 1999-2008,1999,2008,1,10,0,5.11E-04,14738,0,0,1,0,0,NA,NA,997.0244404
436,NER,NIGER 2009-2010,2009,2010,0,2,0,5.29E-04,15894,0,0,1,0,0,NA,NA,1024.738365
437,CIV,COTE D'IVOIRE 1960-2010,1960,2010,0,51,0,0.001192957396,18977,0,0,1,0,0,NA,NA,3673.181282
438,GIN,GUINEA 1958-2010,1958,2010,0,53,0,6.41E-04,10876,0,0,1,0,0,NA,NA,1856.490189
439,BFA,BURKINA FASO 1960-2010,1960,2010,0,51,0,7.25E-04,15540,0,0,1,0,0,NA,NA,1661.872021
450,LBR,LIBERIA 1847-2005,1847,2005,0,159,0,4.11E-04,3270,0,0,0,0,0,chrstgen,0.6843,1232.456857
450,LBR,LIBERIA 2006-2010,2006,2010,1,5,0,2.21E-04,3958,0,0,0,0,0,chrstgen,0.85,1418.675819
451,SLE,SIERRA LEONE 1961-1966,1961,1966,1,6,0,1.89E-04,2470,0,1,0,0,0,NA,NA,1451.254038
451,SLE,SIERRA LEONE 1967-2001,1967,2001,0,35,0,2.75E-04,5054,0,0,1,0,0,NA,NA,935.0386038
451,SLE,SIERRA LEONE 2002-2010,2002,2010,1,9,0,3.20E-04,5752,0,0,1,0,0,NA,NA,1401.574125
452,GHA,GHANA 1957-1969,1957,1969,0,13,0,9.38E-04,8433,0,1,0,0,0,chrstgen,0.4685,2299.638794
452,GHA,GHANA 1970-1971,1970,1971,1,2,0,9.51E-04,8858,0,1,0,0,0,chrstgen,0.5101,2299.638794
452,GHA,GHANA 1972-1978,1972,1978,0,7,0,8.82E-04,10352,0,1,0,0,0,chrstgen,0.519,2299.638794
452,GHA,GHANA 1979-1980,1979,1980,1,2,0,8.44E-04,10808,0,1,0,0,0,chrstgen,0.5366,2299.638794
452,GHA,GHANA 1981-1996,1981,1996,0,16,0,9.80E-04,17832,0,0,1,0,0,chrstgen,0.5854,2568.070424
452,GHA,GHANA 1997-2010,1997,2010,1,14,0,0.001223460771,24263,0,0,1,0,0,chrstgen,0.7034,3709.395761
461,TGO,TOGO 1960-2010,1960,2010,0,51,0,3.31E-04,6306,0,0,1,0,0,NA,NA,1588.398241
471,CMR,CAMEROON 1960-2010,1960,2010,0,51,0,0.001167131937,20624,0,0,1,0,0,NA,NA,3298.624579
475,NGA,NIGERIA 1960-1965,1960,1965,1,6,0,0.004384625703,48676,0,1,0,0,0,NA,NA,3259.581175
475,NGA,NIGERIA 1966-1978,1966,1978,0,13,0,0.006088464055,68121,0,1,0,0,0,NA,NA,3259.581175
475,NGA,NIGERIA 1979-1982,1979,1982,1,4,0,0.00610874407,76214,0,1,0,0,0,NA,NA,3259.581175
475,NGA,NIGERIA 1983-2010,1983,2010,0,28,0,0.008710855618,159708,0,0,1,0,0,NA,NA,4857.266271
481,GAB,GABON 1960-2010,1960,2010,0,51,0,1.89E-04,1556,0,0,1,0,0,chrstgen,0.7472,13682.84753
482,CAF,CENTRAL AFRICAN REP. 1960-1992,1960,1992,0,33,0,2.19E-04,3065,0,1,0,0,0,NA,NA,1049.119415
482,CAF,CENTRAL AFRICAN REP. 1993-2002,1993,2002,1,10,0,1.97E-04,3767,0,0,1,0,0,NA,NA,1042.708645
482,CAF,CENTRAL AFRICAN REP. 2003-2010,2003,2010,0,8,0,2.01E-04,4350,0,0,1,0,0,NA,NA,1130.895708
483,TCD,CHAD 1960-2010,1960,2010,0,51,2,6.17E-04,11721,0,0,1,0,0,NA,NA,1741.053998
484,COG,"CONGO, REP. 1960-1962",1960,1962,1,3,0,1.20E-04,1034,0,0,0,0,0,NA,NA,5007.319245
484,COG,"CONGO, REP. 1963-2010",1963,2010,0,48,0,4.23E-04,4112,0,0,1,0,0,NA,NA,4977.973115
490,ZAR,"CONGO, DEM. REP. 1960-2010",1960,2010,0,51,2,0.004517213907,62191,0,0,1,0,0,NA,NA,NA
500,UGA,UGANDA 1962-1979,1962,1979,0,18,2,7.55E-04,13225,0,1,0,0,0,chrstgen,0.7147,901.6608095
500,UGA,UGANDA 1980-1984,1980,1984,1,5,0,7.48E-04,14439,0,1,0,0,0,chrstgen,0.7548,901.6608095
500,UGA,UGANDA 1985-2010,1985,2010,0,26,0,0.001456212252,33987,0,0,1,0,0,chrstgen,0.833,1878.520918
501,KEN,KENYA 1963-2001,1963,2001,0,39,0,0.001508414629,31121,0,0,1,0,0,chrstgen,0.7939,3325.911902
501,KEN,KENYA 2002-2010,2002,2010,1,9,0,0.001721553737,40909,0,0,1,0,0,chrstgen,0.8063,3735.792926
510,TZA,TANZANIA 1961-2010,1961,2010,0,50,2,0.002041825792,44973,0,0,1,0,0,NA,NA,1972.981079
516,BDI,BURUNDI 1962-2004,1962,2004,0,43,0,6.78E-04,7511,0,0,1,0,0,NA,NA,818.7460633
516,BDI,BURUNDI 2005-2010,2005,2010,1,6,0,4.62E-04,9233,0,0,1,0,0,NA,NA,804.3549408
517,RWA,RWANDA 1962-2010,1962,2010,0,49,0,6.46E-04,10837,0,0,1,0,0,chrstgen,0.8945,1467.736295
520,SOM,SOMALIA 1960-1968,1960,1968,1,9,0,2.78E-04,2667,0,0,0,0,0,islmgen,0.9929,889.166677
520,SOM,SOMALIA 1960-1968,1960,1968,1,9,0,2.78E-04,2667,0,0,0,0,0,islmsun,0.9929,889.166677
520,SOM,SOMALIA 1969-2010,1969,2010,0,42,2,6.22E-04,9636,0,0,0,0,0,islmgen,0.995,889.166677
522,DJI,DJIBOUTI 1977-2010,1977,2010,0,34,0,1.44E-04,834,0,0,1,0,0,islmgen,0.975,3664.268036
522,DJI,DJIBOUTI 1977-2010,1977,2010,0,34,0,1.44E-04,834,0,0,1,0,0,islmsun,0.975,3664.268036
522,DJI,DJIBOUTI 1977-2010,1977,2010,0,34,0,1.44E-04,834,0,0,1,0,0,islmgen,0.975,3664.268036
522,DJI,DJIBOUTI 1977-2010,1977,2010,0,34,0,1.44E-04,834,0,0,1,0,0,islmsun,0.975,3664.268036
529,ETF,ETHIOPIA 1993-2010,1993,2010,0,18,0,NA,NA,NA,NA,NA,NA,NA,NA,NA,NA
530,ETH,ETHIOPIA 1855-NA,1855,NA,0,NA,11,NA,NA,NA,NA,NA,NA,NA,NA,NA,NA
531,ERI,ERITREA 1993-2010,1993,2010,0,18,3,0.002190527739,5741,0,0,0,0,0,chrstgen,0.575,NA
540,AGO,ANGOLA 1975-2010,1975,2010,0,36,2,0.002309002914,19549,0,0,1,0,0,NA,NA,7691.131265
541,MOZ,MOZAMBIQUE 1975-1993,1975,1993,0,19,0,0.001202777144,15583,0,1,0,0,0,NA,NA,469.3978174
541,MOZ,MOZAMBIQUE 1994-2003,1994,2003,1,10,0,9.66E-04,19873,0,0,1,0,0,NA,NA,762.2861825
541,MOZ,MOZAMBIQUE 2004-2010,2004,2010,0,7,0,0.001223037718,23967,0,0,1,0,0,NA,NA,1047.591431
551,ZMB,ZAMBIA 1964-2007,1964,2007,0,44,0,7.66E-04,12110,0,0,1,0,0,NA,NA,2641.031564
551,ZMB,ZAMBIA 2008-2010,2008,2010,1,3,0,7.84E-04,13217,0,0,1,0,0,NA,NA,3083.355321
552,ZWE,ZIMBABWE 1965-2010,1965,2010,0,46,0,8.53E-04,13077,0,0,1,0,0,NA,NA,1799.540233
553,MWI,MALAWI 1964-1993,1964,1993,0,30,0,4.77E-04,9135,0,1,0,0,0,NA,NA,965.3834739
553,MWI,MALAWI 1994-2010,1994,2010,1,17,0,6.53E-04,15014,0,0,1,0,0,NA,NA,1357.871724
560,ZAF,SOUTH AFRICA 1910-1993,1910,1993,0,84,9,0.008136440068,39628,0,1,0,0,0,NA,NA,9555.986762
560,ZAF,SOUTH AFRICA 1994-2010,1994,2010,1,17,0,0.007093760651,51452,0,0,1,0,0,NA,NA,13469.36113
564,NA,ORANGE FREE STATE 1854-1902,1854,1902,1,49,0,NA,NA,NA,NA,NA,NA,NA,NA,NA,NA
565,NAM,NAMIBIA 1990-2010,1990,2010,0,21,0,2.02E-04,2179,0,0,1,0,0,chrstgen,0.87,9115.506508
570,LSO,LESOTHO 1966-2001,1966,2001,0,36,0,1.06E-04,2153,0,0,1,0,0,NA,NA,1774.556117
570,LSO,LESOTHO 2002-2010,2002,2010,1,9,0,8.21E-05,2009,0,0,1,0,0,NA,NA,2315.276789
571,BWA,BOTSWANA 1966-2010,1966,2010,1,45,0,2.02E-04,1969,0,0,1,0,0,NA,NA,12653.37065
572,SWZ,SWAZILAND 1968-2010,1968,2010,0,43,0,5.82E-05,1193,0,0,1,0,0,chrstgen,0.8056,7221.335964
580,MDG,MADAGASCAR 1960-1992,1960,1992,0,33,0,6.95E-04,13504,0,1,0,0,0,NA,NA,1614.09342
580,MDG,MADAGASCAR 1993-2008,1993,2008,1,16,0,8.23E-04,19927,0,0,1,0,0,NA,NA,1657.823589
580,MDG,MADAGASCAR 2009-2010,2009,2010,0,2,0,8.37E-04,21080,0,0,1,0,0,NA,NA,1511.98673
581,COM,COMOROS 1975-2005,1975,2005,0,31,0,2.43E-05,601,0,0,0,0,0,islmgen,0.9806,2905.689183
581,COM,COMOROS 1975-2005,1975,2005,0,31,0,2.43E-05,601,0,0,0,0,0,islmshi,0.9806,2905.689183
581,COM,COMOROS 1975-2005,1975,2005,0,31,0,2.43E-05,601,0,0,0,0,0,islmgen,0.9806,2905.689183
581,COM,COMOROS 1975-2005,1975,2005,0,31,0,2.43E-05,601,0,0,0,0,0,islmshi,0.9806,2905.689183
581,COM,COMOROS 2006-2010,2006,2010,1,5,0,2.59E-05,683,0,0,0,0,0,islmgen,0.9806,3025.517384
581,COM,COMOROS 2006-2010,2006,2010,1,5,0,2.59E-05,683,0,0,0,0,0,islmshi,0.9806,3025.517384
581,COM,COMOROS 2006-2010,2006,2010,1,5,0,2.59E-05,683,0,0,0,0,0,islmgen,0.9806,3025.517384
581,COM,COMOROS 2006-2010,2006,2010,1,5,0,2.59E-05,683,0,0,0,0,0,islmshi,0.9806,3025.517384
590,MUS,MAURITIUS 1968-2010,1968,2010,1,43,0,4.30E-05,1231,0,0,1,0,0,NA,NA,17311.62524
591,SYC,SEYCHELLES 1976-2010,1976,2010,0,35,0,4.94E-06,91,0,0,0,0,0,NA,NA,21322.5387
600,MAR,MOROCCO 1800-1956,1800,1956,0,1,4,0.001564081758,10396,0,0,0,0,0,NA,NA,NA
600,MAR,MOROCCO 1956-2010,1956,2010,0,55,3,0.00381119363,31642,0,0,1,0,0,NA,NA,5841.878418
615,DZA,ALGERIA 1962-2010,1962,2010,0,49,0,0.003945479635,37063,0,0,1,0,0,NA,NA,11007.74661
616,TUN,TUNISIA 1956-2010,1956,2010,0,55,0,9.35E-04,10632,0,0,1,0,0,islmgen,0.99,10477.304
620,LBY,LIBYA 1951-2010,1951,2010,0,60,3,0.001658900874,6041,0,0,0,0,0,NA,NA,31394.16175
625,SDN,SUDAN 1956-1957,1956,1957,1,2,0,8.61E-04,10544,0,0,0,0,0,NA,NA,NA
625,SDN,SUDAN 1958-1964,1958,1964,0,7,0,8.87E-04,12102,0,0,0,0,0,NA,NA,2756.530029
625,SDN,SUDAN 1965-1968,1965,1968,1,4,0,9.44E-04,13195,0,0,0,0,0,NA,NA,2756.530029
625,SDN,SUDAN 1969-1985,1969,1985,0,17,0,0.001835906762,22109,0,0,0,0,0,NA,NA,2756.530029
625,SDN,SUDAN 1986-1988,1986,1988,1,3,0,0.001925896038,24245,0,0,0,0,0,NA,NA,2756.530029
625,SDN,SUDAN 1989-2010,1989,2010,0,22,0,0.002597327344,35652,0,0,0,0,0,NA,NA,4745.297363
630,IRN,IRAN 1800-2010,1800,2010,0,211,11,0.01400143467,74462,0,0,0,0,0,islmgen,0.99,15099.46019
640,TUR,TURKEY 1800-1960,1800,1960,0,161,30,0.007119866554,27506,0,1,0,1,0,islmgen,0.9907,12535.91964
640,TUR,TURKEY 1800-1960,1800,1960,0,161,30,0.007119866554,27506,0,1,0,1,0,islmsun,0.9907,12535.91964
640,TUR,TURKEY 1800-1960,1800,1960,0,161,30,0.007119866554,27506,0,1,0,1,0,islmgen,0.9907,12535.91964
640,TUR,TURKEY 1800-1960,1800,1960,0,161,30,0.007119866554,27506,0,1,0,1,0,islmsun,0.9907,12535.91964
640,TUR,TURKEY 1961-1979,1961,1979,1,19,1,0.009968070313,53531,0,1,0,1,1,islmgen,0.9857,12535.91964
640,TUR,TURKEY 1961-1979,1961,1979,1,19,1,0.009968070313,53531,0,1,0,1,1,islmsun,0.9857,12535.91964
640,TUR,TURKEY 1980-1982,1980,1982,0,3,0,0.01001853868,46688,0,1,0,1,1,islmgen,0.9901,12535.91964
640,TUR,TURKEY 1980-1982,1980,1982,0,3,0,0.01001853868,46688,0,1,0,1,1,islmsun,0.9901,12535.91964
640,TUR,TURKEY 1983-2010,1983,2010,1,28,1,0.01543213613,72138,0,0,1,1,1,islmgen,0.9858,19790.0686
640,TUR,TURKEY 1983-2010,1983,2010,1,28,1,0.01543213613,72138,0,0,1,1,1,islmsun,0.9858,19790.0686
640,TUR,TURKEY 1983-2010,1983,2010,1,28,1,0.01543213613,72138,0,0,1,1,1,islmgen,0.9858,19790.0686
640,TUR,TURKEY 1983-2010,1983,2010,1,28,1,0.01543213613,72138,0,0,1,1,1,islmsun,0.9858,19790.0686
645,IRQ,IRAQ 1932-2010,1932,2010,0,79,14,0.007615791168,30962,0,0,0,0,0,islmgen,0.95,8178.305252
651,EGY,EGYPT 1922-2010,1922,2010,0,89,7,0.01010406204,78076,0,0,1,0,0,islmgen,0.8643,9807.835612
652,SYR,SYRIA 1944-2010,1944,2010,0,67,5,0.004575358704,21533,0,0,0,0,0,islmgen,0.902,NA
660,LBN,LEBANON 1943-1970,1943,1970,0,28,1,4.93E-04,2469,0,0,0,0,0,NA,NA,5862.836598
660,LBN,LEBANON 1971-1975,1971,1975,1,5,0,5.32E-04,2767,0,0,0,0,0,NA,NA,5862.836598
660,LBN,LEBANON 1976-2010,1976,2010,0,35,0,9.50E-04,4341,0,0,0,0,0,NA,NA,19239.56483
663,JOR,JORDAN 1946-2010,1946,2010,0,65,3,0.001387308002,6455,0,0,1,0,0,islmgen,0.97,11866.88083
666,ISR,ISRAEL 1948-2010,1948,2010,1,63,7,0.004016940948,7420,0,0,1,0,1,judgen,0.731,34065.84203
670,SAU,SAUDI ARABIA 1926-2010,1926,2010,0,85,3,0.01266613603,27258,0,0,1,0,0,islmgen,0.9382,41056.54734
678,YEM,"YEMEN, NORTH 1918-NA",1918,NA,0,NA,1,NA,NA,NA,NA,NA,NA,NA,NA,NA,NA
679,YEM,YEMEN 1990-2010,1990,2010,0,21,0,0.001740889275,22763,0,0,0,0,0,islmgen,0.99,NA
680,YDR,"YEMEN, SOUTH 1967-NA",1967,NA,0,NA,0,NA,NA,NA,NA,NA,NA,NA,NA,NA,NA
690,KWT,KUWAIT 1961-2010,1961,2010,0,50,2,0.001753811492,2992,0,0,1,0,0,NA,NA,59780.02985
692,BHR,BAHRAIN 1971-2010,1971,2010,0,40,0,5.07E-04,1252,0,0,1,0,0,NA,NA,45600.06624
694,QAT,QATAR 1971-2010,1971,2010,0,40,1,0.001429798198,1750,0,0,1,0,0,islmgen,0.47,103902.5193
696,ARE,UNITED ARAB EMIRATES 1971-2010,1971,2010,0,40,1,0.003896541661,8442,0,0,1,0,0,NA,NA,54664.61174
698,OMN,OMAN 1800-2010,1800,2010,0,211,1,0.001245282474,2803,0,0,1,0,0,NA,NA,40819.93848
700,AFG,AFGHANISTAN 1800-2010,1800,2010,0,211,1,0.001836462645,28398,0,0,0,0,0,islmgen,0.9956,2026.163818
701,TKM,TURKMENISTAN 1991-2010,1991,2010,0,20,0,7.34E-04,5042,0,0,0,0,0,islmgen,0.89,8321.2196
701,TKM,TURKMENISTAN 1991-2010,1991,2010,0,20,0,7.34E-04,5042,0,0,0,0,0,islmsun,0.89,8321.2196
701,TKM,TURKMENISTAN 1991-2010,1991,2010,0,20,0,7.34E-04,5042,0,0,0,0,0,islmgen,0.89,8321.2196
701,TKM,TURKMENISTAN 1991-2010,1991,2010,0,20,0,7.34E-04,5042,0,0,0,0,0,islmsun,0.89,8321.2196
702,TJK,TAJIKISTAN 1991-2010,1991,2010,0,20,0,3.46E-04,7627,0,0,0,0,0,NA,NA,2360.014957
703,KGZ,KYRGYZSTAN 1991-2010,1991,2010,0,20,0,3.17E-04,5334,0,0,1,0,0,NA,NA,4141.077206
704,UZB,UZBEKISTAN 1991-2010,1991,2010,0,20,0,0.00235084421,27769,0,0,0,0,0,islmgen,0.93,4953.961368
705,KAZ,KAZAKHSTAN 1991-2010,1991,2010,0,20,0,0.00319942669,15921,0,0,0,0,0,NA,NA,20751.25724
710,CHN,CHINA 1800-2010,1800,2010,0,211,30,0.2069877535,1359821,0,0,1,0,0,syncgen,0.42,8884.588031
712,MNG,MONGOLIA 1924-1989,1924,1989,0,66,2,4.43E-04,2070,0,0,0,0,0,chrstgen,0.7593,5030.073252
712,MNG,MONGOLIA 1990-2010,1990,2010,1,21,0,2.90E-04,2713,0,0,1,0,0,chrstgen,0.7593,7518.831118
713,TWN,TAIWAN 1949-1995,1949,1995,0,47,3,0.01045517344,21304,0,0,0,0,0,NA,NA,NA
713,TWN,TAIWAN 1996-2010,1996,2010,1,15,0,0.006942108739,23162,0,0,1,0,0,NA,NA,NA
730,NA,KOREA 1800-NA,1800,NA,0,NA,0,NA,NA,NA,NA,NA,NA,NA,NA,NA,NA
731,PRK,"KOREA, NORTH 1948-2010",1948,2010,0,63,4,0.01218168624,24501,0,0,0,0,0,nonrelig,0.6432,NA
732,KOR,"KOREA, SOUTH 1948-1959",1948,1959,0,12,4,0.009395923465,24003,0,0,0,0,0,NA,NA,NA
732,KOR,"KOREA, SOUTH 1960-1961",1960,1961,1,1,0,0.008904433809,25766,0,0,0,0,0,NA,NA,12656.39606
732,KOR,"KOREA, SOUTH 1961-1987",1961,1987,0,27,9,0.01587670669,41622,0,1,0,0,0,NA,NA,12656.39606
732,KOR,"KOREA, SOUTH 1988-2010",1988,2010,1,23,0,0.02254671603,48454,0,0,1,0,1,NA,NA,34394.49049
740,JPN,JAPAN 1800-1951,1800,1951,0,152,25,NA,NA,NA,NA,NA,NA,NA,shntgen,0.7655,NA
740,JPN,JAPAN 1952-2010,1952,2010,1,59,0,0.03703579307,127353,0,0,1,0,1,shntgen,0.8474,38069.95604
750,IND,INDIA 1950-2010,1950,2010,1,61,4,0.07947190851,1205625,0,0,1,0,0,hindgen,0.8045,4213.362991
760,BTN,BHUTAN 1907-2010,1907,2010,0,104,0,4.88E-05,717,0,0,0,0,0,NA,NA,7958.226861
769,PAK,PAKISTAN  (INCL. BANGLAD.) 1947-1949,1947,1949,0,3,0,NA,NA,NA,NA,NA,NA,NA,islmgen,0.9,NA
769,PAK,PAKISTAN  (INCL. BANGLAD.) 1947-1949,1947,1949,0,3,0,NA,NA,NA,NA,NA,NA,NA,islmothr,0.9,NA
769,PAK,PAKISTAN  (INCL. BANGLAD.) 1950-1955,1950,1955,1,6,0,NA,NA,NA,NA,NA,NA,NA,islmgen,0.91,NA
769,PAK,PAKISTAN  (INCL. BANGLAD.) 1950-1955,1950,1955,1,6,0,NA,NA,NA,NA,NA,NA,NA,islmothr,0.91,NA
769,PAK,PAKISTAN  (INCL. BANGLAD.) 1956-1971,1956,1971,0,16,0,NA,NA,NA,NA,NA,NA,NA,islmgen,0.9643,3061.533388
769,PAK,PAKISTAN  (INCL. BANGLAD.) 1956-1971,1956,1971,0,16,0,NA,NA,NA,NA,NA,NA,NA,islmothr,0.9643,3061.533388
770,PAK,PAKISTAN 1972-1976,1972,1976,1,5,0,0.009932933375,73205,0,1,0,0,0,islmgen,0.9449,3061.533388
770,PAK,PAKISTAN 1972-1976,1972,1976,1,5,0,0.009932933375,73205,0,1,0,0,0,islmothr,0.9449,3061.533388
770,PAK,PAKISTAN 1977-1987,1977,1987,0,11,0,0.009986359626,102705,0,1,0,0,0,islmgen,0.9538,3061.533388
770,PAK,PAKISTAN 1977-1987,1977,1987,0,11,0,0.009986359626,102705,0,1,0,0,0,islmothr,0.9538,3061.533388
770,PAK,PAKISTAN 1988-1998,1988,1998,1,11,0,0.01337941457,148166,0,0,1,0,0,islmgen,0.955,3307.510088
770,PAK,PAKISTAN 1999-2007,1999,2007,0,9,1,0.01428110246,163928,0,0,1,0,0,islmgen,0.9569,4081.911885
770,PAK,PAKISTAN 2008-2010,2008,2010,1,3,0,0.01405871008,173149,0,0,1,0,0,islmgen,0.9569,4058.00862
771,BGD,BANGLADESH 1971-1990,1971,1990,0,20,0,0.005922645796,109765,0,1,0,0,0,NA,NA,1730.368945
771,BGD,BANGLADESH 1991-2006,1991,2006,1,16,0,0.007134200074,144869,0,0,1,0,0,NA,NA,2806.592691
771,BGD,BANGLADESH 2007-2008,2007,2008,0,2,0,0.007352297194,147970,0,0,1,0,0,NA,NA,3124.226797
771,BGD,BANGLADESH 2009-2010,2009,2010,1,2,0,0.007410582155,151125,0,0,1,0,0,NA,NA,3395.364787
775,MMR,MYANMAR 1948-1957,1948,1957,1,10,0,0.002259819303,20397,0,1,0,0,0,NA,NA,NA
775,MMR,MYANMAR 1958-1959,1958,1959,0,2,0,0.00246642204,21289,0,1,0,0,0,NA,NA,NA
775,MMR,MYANMAR 1960-1961,1960,1961,1,2,0,0.002601052169,22200,0,1,0,0,0,NA,NA,581.6133112
775,MMR,MYANMAR 1962-2010,1962,2010,0,49,0,0.005526534747,51931,0,0,1,0,0,NA,NA,2830.284053
780,LKA,SRI LANKA 1948-1976,1948,1976,1,29,0,9.76E-04,13717,0,1,0,0,0,NA,NA,4011.656201
780,LKA,SRI LANKA 1977-1993,1977,1993,0,17,0,0.001691121026,17619,0,1,0,0,0,NA,NA,4526.591566
780,LKA,SRI LANKA 1994-2009,1994,2009,1,16,0,0.002050638665,20602,0,0,1,0,0,NA,NA,8800.107188
780,LKA,SRI LANKA 2010-NA,2010,NA,0,NA,0,NA,NA,NA,NA,NA,NA,NA,NA,NA,NA
781,MDV,MALDIVES 1966-2008,1966,2008,0,43,0,9.75E-06,314,0,0,1,0,0,NA,NA,17788.32575
781,MDV,MALDIVES 2009-2010,2009,2010,1,2,0,9.83E-06,326,0,0,1,0,0,NA,NA,16492.53122
790,NPL,NEPAL 1800-1990,1800,1990,0,191,0,8.73E-04,18111,0,0,0,0,0,NA,NA,1554.602043
790,NPL,NEPAL 1991-2001,1991,2001,1,11,0,0.001218052348,23935,0,0,0,0,0,NA,NA,2084.199999
790,NPL,NEPAL 2002-2007,2002,2007,0,6,0,0.001375886146,25950,0,0,1,0,0,NA,NA,2346.259223
790,NPL,NEPAL 2008-2010,2008,2010,1,3,0,0.001572218142,26846,0,0,1,0,0,NA,NA,2682.698698
800,THA,THAILAND 1800-1974,1800,1974,0,175,16,0.004298403859,40782,0,0,0,0,0,NA,NA,7273.059105
800,THA,THAILAND 1975-1976,1975,1976,1,1,0,0.004540465772,42960,0,0,0,0,0,NA,NA,7273.059105
800,THA,THAILAND 1976-1982,1976,1982,0,7,0,0.005124462303,48709,0,1,0,0,0,NA,NA,7273.059105
800,THA,THAILAND 1983-1990,1983,1990,1,8,0,0.005570677575,55839,0,1,0,0,0,NA,NA,7273.059105
800,THA,THAILAND 1991-1992,1991,1992,0,1,0,0.006252806634,57294,0,1,0,0,0,NA,NA,8277.353327
800,THA,THAILAND 1992-2005,1992,2005,1,14,0,0.007702924311,65559,0,0,1,0,0,NA,NA,12228.6609
800,THA,THAILAND 2006-2010,2006,2010,0,5,0,0.007768936921,66402,0,0,1,0,0,NA,NA,14172.21806
811,KHM,CAMBODIA 1955-2010,1955,2010,0,56,11,0.001548327622,14365,0,0,1,0,0,NA,NA,2706.991816
812,LAO,LAOS 1954-1958,1954,1958,1,5,0,3.91E-04,2220,0,0,0,0,0,budgen,0.6065,NA
812,LAO,LAOS 1954-1958,1954,1958,1,5,0,3.91E-04,2220,0,0,0,0,0,budothr,0.6065,NA
812,LAO,LAOS 1959-2010,1959,2010,0,52,6,5.68E-04,6396,0,0,0,0,0,budgen,0.6773,4793.223985
816,VDR,"VIETNAM, NORTH 1954-NA",1954,NA,0,NA,24,NA,NA,NA,NA,NA,NA,NA,NA,NA,NA
817,SVR,"VIETNAM, SOUTH 1955-NA",1955,NA,0,NA,13,NA,NA,NA,NA,NA,NA,NA,NA,NA,NA
818,VNM,VIETNAM 1976-2010,1976,2010,0,35,0,NA,NA,NA,NA,NA,NA,NA,NA,NA,6324.525636
820,MYS,MALAYSIA 1957-2010,1957,2010,0,54,0,0.004432357382,28276,0,0,1,0,0,NA,NA,20171.88063
830,SGP,SINGAPORE 1965-2010,1965,2010,0,46,0,0.002762570046,5079,0,0,1,0,0,NA,NA,78115.21181
835,BRN,BRUNEI 1985-2010,1985,2010,0,26,0,1.52E-04,401,0,0,1,0,0,NA,NA,66484.24154
840,PHL,PHILIPPINES 1935-1945,1935,1945,0,11,0,NA,NA,NA,NA,NA,NA,NA,NA,NA,NA
840,PHL,PHILIPPINES 1946-1964,1946,1964,1,19,4,0.003285222454,30929,0,0,0,0,0,NA,NA,4232.477595
840,PHL,PHILIPPINES 1965-1985,1965,1985,0,21,8,0.004972372204,54668,0,1,0,0,0,NA,NA,4232.477595
840,PHL,PHILIPPINES 1986-2010,1986,2010,1,25,0,0.00555385882,93444,0,0,1,0,0,NA,NA,5876.47814
850,IDN,INDONESIA 1945-1954,1945,1954,0,10,0,0.01150498632,84894,0,1,0,0,0,NA,NA,NA
850,IDN,INDONESIA 1955-1956,1955,1956,1,2,0,0.01237951498,88326,0,1,0,0,0,NA,NA,NA
850,IDN,INDONESIA 1957-1998,1957,1998,0,42,0,0.0149356313,206338,0,0,1,0,0,NA,NA,5474.59757
850,IDN,INDONESIA 1999-2010,1999,2010,1,12,0,0.01432891283,240676,0,0,1,0,0,NA,NA,8212.634454
860,TMP,EAST TIMOR 2002-2010,2002,2010,1,9,0,3.47E-05,1079,0,0,0,0,0,NA,NA,NA
900,AUS,AUSTRALIA 1901-2010,1901,2010,1,110,21,0.007280620746,22404,0,0,1,0,1,chrstgen,0.73,44965.39336
910,PNG,PAPUA NEW GUINEA 1975-2010,1975,2010,1,36,0,2.52E-04,6859,0,0,1,0,0,chrstgen,0.96,3283.715047
920,NZL,NEW ZEALAND 1857-2010,1857,2010,1,154,7,8.14E-04,4368,0,0,1,0,1,NA,NA,37583.11174
935,VUT,VANUATU 1980-2010,1980,2010,1,31,0,6.02E-06,236,0,0,0,0,0,NA,NA,2972.31722
940,SLB,SOLOMON ISLANDS 1978-1999,1978,1999,1,22,0,1.26E-05,430,0,0,1,0,0,NA,NA,2543.395695
940,SLB,SOLOMON ISLANDS 2000-2005,2000,2005,0,6,0,1.25E-05,469,0,0,1,0,0,NA,NA,2087.201042
940,SLB,SOLOMON ISLANDS 2006-2010,2006,2010,1,5,0,1.32E-05,526,0,0,1,0,0,NA,NA,2411.070957
946,KIR,KIRIBATI 1997-2010,1997,2010,1,14,0,2.40E-06,98,0,0,0,0,0,chrstgen,0.96,1819.201351
947,TUV,TUVALU 1978-2010,1978,2010,1,33,0,2.50E-07,10,0,0,0,0,0,chrstgen,0.9699,3334.607075
950,FJI,FIJI 1970-1986,1970,1986,1,17,0,7.03E-05,714,0,0,0,0,0,NA,NA,7889.878577
950,FJI,FIJI 1987-2010,1987,2010,0,24,0,6.21E-05,861,0,0,1,0,0,NA,NA,10019.4125
955,TON,TONGA 1970-2010,1970,2010,0,41,0,2.58E-06,104,0,0,1,0,0,chrstgen,0.9421,5002.632287
970,NRU,NAURU 1968-2010,1968,2010,1,43,0,2.67E-07,10,0,0,0,0,0,NA,NA,6536.332724
983,MHL,MARSHALL ISLANDS 1992-2010,1992,2010,1,19,0,1.38E-06,52,0,0,0,0,0,NA,NA,3767.676065
986,PLW,PALAU 1995-2010,1995,2010,1,16,0,5.85E-07,20,0,0,0,0,0,NA,NA,14744.528
987,FSM,"MICRONESIA, FED. 1992-2010",1992,2010,1,19,0,1.21E-05,498,0,0,0,0,0,chrstgen,0.8651,3500.29508
990,WSM,SAMOA (WESTERN) 1962-2010,1962,2010,0,49,0,4.82E-06,186,0,0,0,0,0,chrstgen,0.9538,5808.303908